Timestamp,cpu,memory,cpu_temperature,arm_clock,total_cpu,throttled_status_under_voltage,throttled_status_currently_throttled,throttled_status_freq_capped,throttled_status_under_voltage_occurred,throttled_status_throttling_occurred,throttled_status_freq_capped_occurred,color,age,watchdog,apache_active,temp,humidity,weather,apache2metrics_TotalAccesses,apache2metrics_TotalkBytes,apache2metrics_BusyWorkers,apache2metrics_IdleWorkers,apache2metrics_Processes,apache2metrics_ConnsTotal,apache2metrics_DurationPerReq,apache2metrics_Load1,apache2metrics_Load5,apache2metrics_ServerUptime
2024-11-27 21:17:49,7.8,46.8,55.8,1400.0,98.0,True,False,True,True,False,True,#001d09,"6d, 9h, 17m, 49s",True,True,0.27,98,overcast clouds,10532,124016,1,49,2,0,11.3538,2.58,1.26,0d 0h 54m 4s
2024-11-27 21:18:04,1.0,46.9,54.8,1400.0,14.0,True,False,True,True,False,True,#3f1926,"6d, 9h, 17m, 54s",True,True,0.27,98,overcast clouds,10533,124016,1,49,2,0,11.3529,2.33,1.26,0d 0h 54m 19s
2024-11-27 21:18:09,14.5,47.0,54.8,1400.0,196.0,True,False,True,True,False,True,#5e2562,"6d, 9h, 18m, 5s",True,True,0.27,98,overcast clouds,10534,124017,1,49,2,0,11.352,2.22,1.26,0d 0h 54m 24s
2024-11-27 21:18:25,23.4,48.2,54.8,1400.0,322.0,True,False,True,True,False,True,#014d44,"6d, 9h, 18m, 25s",True,True,0.27,98,overcast clouds,10535,124018,1,49,2,0,11.3511,2.24,1.31,0d 0h 54m 40s
2024-11-27 21:18:35,6.3,47.1,54.8,1400.0,84.0,True,False,True,True,False,True,#205906,"6d, 9h, 18m, 35s",True,True,0.27,98,overcast clouds,10536,124019,1,49,2,0,11.3502,2.05,1.3,0d 0h 54m 50s
2024-11-27 21:18:45,4.5,46.8,54.2,1400.0,56.0,True,False,True,True,False,True,#111450,"6d, 9h, 18m, 44s",True,True,0.27,98,overcast clouds,10537,124020,1,49,2,0,11.3493,1.74,1.25,0d 0h 55m 0s
2024-11-27 21:18:55,5.0,45.7,54.2,1400.0,70.0,True,False,True,True,False,True,#5b403e,"6d, 9h, 18m, 54s",True,True,0.27,98,overcast clouds,10538,124021,1,49,2,0,11.3485,1.62,1.25,0d 0h 55m 10s
2024-11-27 21:19:05,8.0,45.7,54.2,1400.0,112.0,True,False,True,True,False,True,#381324,"6d, 9h, 19m, 5s",True,True,0.27,98,overcast clouds,10539,124022,1,49,2,0,11.3476,1.37,1.2,0d 0h 55m 20s
2024-11-27 21:19:15,7.2,45.7,53.7,1400.0,98.0,True,False,True,True,False,True,#245820,"6d, 9h, 19m, 15s",True,True,0.27,98,overcast clouds,10540,124022,1,49,2,0,11.3467,1.24,1.18,0d 0h 55m 30s
2024-11-27 21:19:25,5.8,45.4,53.7,1400.0,70.0,True,False,True,True,False,True,#635f00,"6d, 9h, 19m, 25s",True,True,0.27,98,overcast clouds,10541,124023,1,49,2,0,11.3459,1.45,1.23,0d 0h 55m 40s
2024-11-27 21:19:35,5.3,45.8,53.7,1400.0,70.0,True,False,True,True,False,True,#484d20,"6d, 9h, 19m, 34s",True,True,-0.23,93,overcast clouds,10542,124024,1,49,2,0,11.345,1.22,1.18,0d 0h 55m 50s
2024-11-27 21:19:45,5.3,45.6,53.7,1400.0,70.0,True,False,True,True,False,True,#55021f,"6d, 9h, 19m, 44s",True,True,0.27,98,overcast clouds,10543,124025,1,49,2,0,11.3441,1.11,1.16,0d 0h 56m 0s
2024-11-27 21:19:55,4.7,45.5,53.7,1400.0,56.0,True,False,True,True,False,True,#4f0629,"6d, 9h, 19m, 55s",True,True,-0.23,93,overcast clouds,10544,124026,1,49,2,0,11.3432,0.94,1.12,0d 0h 56m 10s
2024-11-27 21:20:05,6.3,45.7,53.7,1400.0,84.0,True,False,True,True,False,True,#512c48,"6d, 9h, 20m, 5s",True,True,-0.23,93,overcast clouds,10545,124027,1,49,2,0,11.3423,0.95,1.12,0d 0h 56m 20s
2024-11-27 21:20:15,4.8,46.1,54.2,1400.0,56.0,True,False,True,True,False,True,#004f61,"6d, 9h, 20m, 15s",True,True,-0.23,93,overcast clouds,10546,124028,1,49,2,0,11.3415,0.88,1.1,0d 0h 56m 30s
2024-11-27 21:20:25,7.0,45.6,53.7,1400.0,98.0,True,False,True,True,False,True,#462f5c,"6d, 9h, 20m, 24s",True,True,0.27,98,overcast clouds,10547,124028,1,49,2,0,11.3406,0.89,1.09,0d 0h 56m 40s
2024-11-27 21:20:35,4.3,45.6,53.7,1400.0,56.0,True,False,True,True,False,True,#25384a,"6d, 9h, 20m, 34s",True,True,0.27,98,overcast clouds,10548,124029,1,49,2,0,11.3397,0.83,1.07,0d 0h 56m 50s
2024-11-27 21:20:45,6.0,45.7,53.7,1400.0,84.0,True,False,True,True,False,True,#422f07,"6d, 9h, 20m, 45s",True,True,-0.23,93,overcast clouds,10549,124030,1,49,2,0,11.3388,0.86,1.07,0d 0h 57m 0s
2024-11-27 21:20:55,4.5,45.7,53.7,1400.0,56.0,True,False,True,True,False,True,#101615,"6d, 9h, 20m, 55s",True,True,0.27,98,overcast clouds,10550,124031,1,49,2,0,11.3379,0.73,1.04,0d 0h 57m 10s
2024-11-27 21:21:05,5.3,45.9,53.7,1400.0,70.0,True,False,True,True,False,True,#5c253a,"6d, 9h, 21m, 5s",True,True,-0.23,93,overcast clouds,10551,124032,1,49,2,0,11.337,0.62,1.0,0d 0h 57m 20s
2024-11-27 21:21:15,2.8,45.8,53.7,1400.0,28.0,True,False,True,True,False,True,#513d12,"6d, 9h, 21m, 14s",True,True,-0.23,93,overcast clouds,10552,124033,1,49,2,0,11.3361,0.67,1.0,0d 0h 57m 30s
2024-11-27 21:21:25,4.6,45.8,53.7,1400.0,56.0,True,False,True,True,False,True,#24084b,"6d, 9h, 21m, 24s",True,True,-0.23,93,overcast clouds,10553,124033,1,49,2,0,11.3353,0.57,0.97,0d 0h 57m 40s
2024-11-27 21:21:35,6.1,45.9,53.7,1400.0,84.0,True,False,True,True,False,True,#12174d,"6d, 9h, 21m, 35s",True,True,0.27,98,overcast clouds,10554,124034,1,49,2,0,11.3344,0.56,0.95,0d 0h 57m 50s
2024-11-27 21:21:45,5.2,45.9,53.7,1400.0,70.0,True,False,True,True,False,True,#53225f,"6d, 9h, 21m, 45s",True,True,0.27,98,overcast clouds,10555,124035,1,49,2,0,11.3336,0.47,0.92,0d 0h 58m 0s
2024-11-27 21:21:55,6.3,45.9,53.7,1400.0,84.0,True,False,True,True,False,True,#00132c,"6d, 9h, 21m, 55s",True,True,0.27,98,overcast clouds,10556,124036,1,49,2,0,11.3327,0.4,0.89,0d 0h 58m 10s
2024-11-27 21:22:05,4.5,46.0,53.7,1400.0,56.0,True,False,True,True,False,True,#145915,"6d, 9h, 22m, 4s",True,True,0.27,98,overcast clouds,10557,124037,1,49,2,0,11.3318,0.34,0.86,0d 0h 58m 20s
2024-11-27 21:22:15,5.0,46.6,53.7,1400.0,70.0,True,False,True,True,False,True,#014338,"6d, 9h, 22m, 14s",True,True,0.27,98,overcast clouds,10558,124038,1,49,2,0,11.3309,0.61,0.9,0d 0h 58m 30s
2024-11-27 21:22:25,3.8,46.0,53.2,1400.0,42.0,True,False,True,True,False,True,#08401c,"6d, 9h, 22m, 25s",True,True,0.27,98,overcast clouds,10559,124039,1,49,2,0,11.3301,0.51,0.87,0d 0h 58m 40s
2024-11-27 21:22:35,5.8,46.8,53.7,1400.0,70.0,True,False,True,True,False,True,#2b1b1f,"6d, 9h, 22m, 35s",True,True,-0.23,93,overcast clouds,10560,124039,1,49,2,0,11.3292,0.67,0.89,0d 0h 58m 50s
2024-11-27 21:22:45,5.0,46.8,53.7,1400.0,70.0,True,False,True,True,False,True,#275b64,"6d, 9h, 22m, 45s",True,True,-0.23,93,overcast clouds,10561,124040,1,49,2,0,11.3283,0.71,0.89,0d 0h 59m 0s
2024-11-27 21:22:55,5.0,46.8,53.7,1400.0,70.0,True,False,True,True,False,True,#071e38,"6d, 9h, 22m, 54s",True,True,0.27,98,overcast clouds,10562,124041,1,49,2,0,11.3274,0.68,0.88,0d 0h 59m 10s
2024-11-27 21:23:05,8.9,45.5,53.7,1400.0,112.0,True,False,True,True,False,True,#0a065e,"6d, 9h, 23m, 4s",True,True,0.27,98,overcast clouds,10563,124042,1,49,2,0,11.3265,0.74,0.88,0d 0h 59m 20s
2024-11-27 21:23:15,8.5,46.2,53.7,1400.0,112.0,True,False,True,True,False,True,#1e0112,"6d, 9h, 23m, 15s",True,True,-0.23,93,overcast clouds,10564,124043,1,49,2,0,11.3256,0.62,0.85,0d 0h 59m 30s
2024-11-27 21:23:25,6.8,45.6,53.7,1400.0,84.0,True,False,True,True,False,True,#00040f,"6d, 9h, 23m, 25s",True,True,0.27,98,overcast clouds,10565,124044,1,49,2,0,11.3248,0.53,0.83,0d 0h 59m 40s
2024-11-27 21:23:35,6.7,45.7,53.7,1400.0,84.0,True,False,True,True,False,True,#08483f,"6d, 9h, 23m, 35s",True,True,-0.23,93,overcast clouds,10566,124045,1,49,2,0,11.324,0.67,0.85,0d 0h 59m 50s
2024-11-27 21:23:45,3.8,45.6,53.2,1400.0,42.0,True,False,True,True,False,True,#110527,"6d, 9h, 23m, 44s",True,True,0.27,98,overcast clouds,10567,124045,1,49,2,0,11.3231,0.64,0.84,0d 1h 0m 0s
2024-11-27 21:23:55,6.5,45.8,53.7,1400.0,84.0,True,False,True,True,False,True,#25574e,"6d, 9h, 23m, 54s",True,True,0.27,98,overcast clouds,10568,124046,1,49,2,0,11.3222,0.7,0.84,0d 1h 0m 10s
2024-11-27 21:24:05,4.3,46.2,53.7,1400.0,56.0,True,False,True,True,False,True,#571e63,"6d, 9h, 24m, 4s",True,True,0.27,98,overcast clouds,10569,124047,1,49,2,0,11.3213,0.99,0.9,0d 1h 0m 20s
2024-11-27 21:24:15,5.5,46.0,53.2,1400.0,70.0,True,False,True,True,False,True,#4e543a,"6d, 9h, 24m, 14s",True,True,0.27,98,overcast clouds,10570,124048,1,49,2,0,11.3204,0.84,0.87,0d 1h 0m 30s
2024-11-27 21:24:25,6.2,45.6,53.2,1400.0,84.0,True,False,True,True,False,True,#33641d,"6d, 9h, 24m, 25s",True,True,-0.23,93,overcast clouds,10571,124049,1,49,2,0,11.3196,0.71,0.84,0d 1h 0m 40s
2024-11-27 21:24:35,5.8,45.9,53.2,1400.0,70.0,True,False,True,True,False,True,#4c3f47,"6d, 9h, 24m, 35s",True,True,0.27,98,overcast clouds,10572,124050,1,49,2,0,11.3187,0.9,0.88,0d 1h 0m 50s
2024-11-27 21:24:45,5.0,45.6,53.7,1400.0,70.0,True,False,True,True,False,True,#5d0114,"6d, 9h, 24m, 45s",True,True,0.27,98,overcast clouds,10573,124050,1,49,2,0,11.3178,0.76,0.85,0d 1h 1m 0s
2024-11-27 21:24:55,5.5,46.3,53.2,1400.0,70.0,True,False,True,True,False,True,#0c1914,"6d, 9h, 24m, 55s",True,True,-0.23,93,overcast clouds,10574,124051,1,49,2,0,11.3169,0.72,0.84,0d 1h 1m 10s
2024-11-27 21:25:05,4.5,45.7,53.2,1400.0,56.0,True,False,True,True,False,True,#334238,"6d, 9h, 25m, 4s",True,True,0.27,98,overcast clouds,10575,124052,1,49,2,0,11.316,0.77,0.84,0d 1h 1m 20s
2024-11-27 21:25:15,5.5,46.2,53.7,1400.0,70.0,True,False,True,True,False,True,#331c2b,"6d, 9h, 25m, 14s",True,True,0.27,98,overcast clouds,10576,124053,1,49,2,0,11.3151,0.73,0.83,0d 1h 1m 30s
2024-11-27 21:25:35,6.5,46.0,53.7,1400.0,84.0,True,False,True,True,False,True,#511c59,"6d, 9h, 25m, 35s",True,True,0.27,98,overcast clouds,10578,124055,1,49,2,0,11.3134,0.65,0.81,0d 1h 1m 50s
2024-11-27 21:25:45,6.0,45.8,53.2,1400.0,84.0,True,False,True,True,False,True,#353b35,"6d, 9h, 25m, 45s",True,True,0.27,98,overcast clouds,10579,124056,1,49,2,0,11.3125,0.55,0.78,0d 1h 2m 0s
2024-11-27 21:25:55,4.8,46.8,53.7,1400.0,56.0,True,False,True,True,False,True,#0c535d,"6d, 9h, 25m, 55s",True,True,-0.23,93,overcast clouds,10580,124056,1,49,2,0,11.3116,0.54,0.77,0d 1h 2m 10s
2024-11-27 21:26:05,5.1,46.0,53.2,1400.0,70.0,True,False,True,True,False,True,#040131,"6d, 9h, 26m, 4s",True,True,0.27,98,overcast clouds,10581,124057,1,49,2,0,11.3107,0.46,0.75,0d 1h 2m 20s
2024-11-27 21:26:15,16.5,46.2,53.7,1400.0,224.0,True,False,True,True,False,True,#282f21,"6d, 9h, 26m, 14s",True,True,0.27,98,overcast clouds,10582,124058,1,49,2,0,11.31,0.39,0.72,0d 1h 2m 30s
2024-11-27 21:26:25,6.6,45.8,53.7,1400.0,84.0,True,False,True,True,False,True,#0b4e49,"6d, 9h, 26m, 25s",True,True,0.27,98,overcast clouds,10583,124059,1,49,2,0,11.3091,0.4,0.71,0d 1h 2m 40s
2024-11-27 21:26:35,6.3,46.0,53.7,1400.0,84.0,True,False,True,True,False,True,#031e2b,"6d, 9h, 26m, 35s",True,True,-0.23,93,overcast clouds,10584,124060,1,49,2,0,11.3082,0.34,0.69,0d 1h 2m 50s
2024-11-27 21:26:45,5.5,46.1,53.2,1400.0,70.0,True,False,True,True,False,True,#642440,"6d, 9h, 26m, 45s",True,True,-0.23,93,overcast clouds,10585,124061,1,49,2,0,11.3073,0.53,0.72,0d 1h 3m 0s
2024-11-27 21:26:55,11.8,46.6,53.2,1400.0,154.0,True,False,True,True,False,True,#1e5a32,"6d, 9h, 26m, 54s",True,True,-0.23,93,overcast clouds,10586,124062,1,49,2,0,11.3064,0.61,0.73,0d 1h 3m 10s
2024-11-27 21:27:05,9.6,45.5,53.2,1400.0,126.0,True,False,True,True,False,True,#09333c,"6d, 9h, 27m, 4s",True,True,0.27,98,overcast clouds,10587,124062,1,49,2,0,11.3056,0.51,0.7,0d 1h 3m 20s
2024-11-27 21:27:25,7.3,45.8,53.2,1400.0,98.0,True,False,True,True,False,True,#215c58,"6d, 9h, 27m, 25s",True,True,0.27,98,overcast clouds,10589,124064,1,49,2,0,11.3039,0.63,0.72,0d 1h 3m 40s
2024-11-27 21:27:35,9.2,45.2,53.2,1400.0,126.0,True,False,True,True,False,True,#5e0a38,"6d, 9h, 27m, 35s",True,True,-0.23,93,overcast clouds,10590,124065,1,49,2,0,11.303,0.86,0.76,0d 1h 3m 50s
2024-11-27 21:27:45,8.1,45.7,53.7,1400.0,112.0,True,False,True,True,False,True,#1a0813,"6d, 9h, 27m, 45s",True,True,-0.23,93,overcast clouds,10591,124066,1,49,2,0,11.3021,0.8,0.75,0d 1h 4m 0s
2024-11-27 21:27:55,8.8,45.3,53.7,1400.0,112.0,True,False,True,True,False,True,#373463,"6d, 9h, 27m, 55s",True,True,0.27,98,overcast clouds,10592,124067,1,49,2,0,11.3012,0.84,0.76,0d 1h 4m 10s
2024-11-27 21:28:05,5.8,45.3,53.7,1400.0,70.0,True,False,True,True,False,True,#055026,"6d, 9h, 28m, 4s",True,True,-0.23,93,overcast clouds,10593,124068,1,49,2,0,11.3004,0.71,0.74,0d 1h 4m 20s
2024-11-27 21:28:15,10.1,45.5,53.7,1400.0,140.0,True,False,True,True,False,True,#481962,"6d, 9h, 28m, 14s",True,True,-0.23,93,overcast clouds,10594,124068,1,49,2,0,11.2994,0.82,0.76,0d 1h 4m 30s
2024-11-27 21:28:25,8.4,45.4,53.2,1400.0,112.0,True,False,True,True,False,True,#043c38,"6d, 9h, 28m, 25s",True,True,-0.23,93,overcast clouds,10595,124069,1,49,2,0,11.2985,0.69,0.74,0d 1h 4m 40s
2024-11-27 21:28:35,8.1,45.4,53.2,1400.0,112.0,True,False,True,True,False,True,#540f3b,"6d, 9h, 28m, 35s",True,True,-0.23,93,overcast clouds,10596,124070,1,49,2,0,11.2978,0.91,0.78,0d 1h 4m 50s
2024-11-27 21:28:45,8.1,45.4,52.6,1400.0,112.0,True,False,True,True,False,True,#150949,"6d, 9h, 28m, 45s",True,True,-0.23,93,overcast clouds,10597,124071,1,49,2,0,11.2969,0.93,0.79,0d 1h 5m 0s
2024-11-27 21:28:55,5.9,45.5,53.2,1400.0,70.0,True,False,True,True,False,True,#191462,"6d, 9h, 28m, 54s",True,True,-0.23,93,overcast clouds,10598,124072,1,49,2,0,11.296,0.78,0.76,0d 1h 5m 10s
2024-11-27 21:29:05,6.0,45.5,53.7,1400.0,84.0,True,False,True,True,False,True,#082b19,"6d, 9h, 29m, 4s",True,True,-0.23,93,overcast clouds,10599,124073,1,49,2,0,11.2951,0.74,0.75,0d 1h 5m 20s
2024-11-27 21:29:15,7.0,45.5,53.2,1400.0,98.0,True,False,True,True,False,True,#010f19,"6d, 9h, 29m, 15s",True,True,-0.23,93,overcast clouds,10600,124074,1,49,2,0,11.2942,0.62,0.73,0d 1h 5m 30s
2024-11-27 21:29:25,16.2,45.6,53.7,1400.0,224.0,True,False,True,True,False,True,#092046,"6d, 9h, 29m, 25s",True,True,-0.23,93,overcast clouds,10627,124103,1,49,2,1,11.2693,0.77,0.75,0d 1h 5m 40s
2024-11-27 21:29:35,4.8,45.5,53.7,1400.0,56.0,True,False,True,True,False,True,#341a5e,"6d, 9h, 29m, 35s",True,True,-0.23,93,overcast clouds,10691,124174,1,49,2,2,11.2111,0.65,0.73,0d 1h 5m 50s
2024-11-27 21:29:45,7.1,45.8,53.7,1400.0,98.0,True,False,True,True,False,True,#0b135b,"6d, 9h, 29m, 44s",True,True,-0.23,93,overcast clouds,10692,124175,1,49,2,0,11.2103,0.55,0.7,0d 1h 6m 0s
2024-11-27 21:29:55,6.9,45.7,53.7,1400.0,84.0,True,False,True,True,False,True,#2a1247,"6d, 9h, 29m, 54s",True,True,-0.23,93,overcast clouds,10693,124175,1,49,2,0,11.2094,0.54,0.69,0d 1h 6m 10s
2024-11-27 21:30:05,15.0,45.8,53.7,1400.0,210.0,True,False,True,True,False,True,#3a6044,"6d, 9h, 30m, 4s",True,True,-0.23,93,overcast clouds,10729,124215,1,49,2,2,11.1768,0.54,0.69,0d 1h 6m 20s
2024-11-27 21:30:15,23.8,45.9,53.7,1400.0,322.0,True,False,True,True,False,True,#0e0a1e,"6d, 9h, 30m, 15s",True,True,-0.23,93,overcast clouds,10847,124345,1,49,2,2,11.0721,0.61,0.7,0d 1h 6m 30s
2024-11-27 21:30:25,24.7,46.2,53.7,1400.0,336.0,True,False,True,True,False,True,#043c18,"6d, 9h, 30m, 25s",True,True,-0.23,93,overcast clouds,11052,124572,1,49,2,3,10.8967,1.16,0.81,0d 1h 6m 40s
2024-11-27 21:30:35,29.5,46.5,54.2,1400.0,406.0,True,False,True,True,False,True,#624662,"6d, 9h, 30m, 35s",True,True,-0.23,93,overcast clouds,11309,124856,1,49,2,2,10.6864,1.13,0.82,0d 1h 6m 50s
2024-11-27 21:30:45,28.5,46.3,54.2,1400.0,392.0,True,False,True,True,False,True,#5d253b,"6d, 9h, 30m, 45s",True,True,-0.23,93,overcast clouds,11605,125183,2,48,2,5,10.4575,1.11,0.82,0d 1h 7m 0s
2024-11-27 21:30:55,27.4,46.3,54.8,1400.0,378.0,True,False,True,True,False,True,#052d24,"6d, 9h, 30m, 54s",True,True,-0.23,93,overcast clouds,11915,125526,1,49,2,3,10.2341,1.68,0.96,0d 1h 7m 10s
2024-11-27 21:31:05,21.8,45.5,54.8,1400.0,294.0,True,False,True,True,False,True,#535f5a,"6d, 9h, 31m, 4s",True,True,-0.23,93,overcast clouds,12225,125869,1,49,2,8,10.0321,1.49,0.94,0d 1h 7m 20s
2024-11-27 21:31:15,24.0,45.6,54.2,1400.0,336.0,True,False,True,True,False,True,#1b3e02,"6d, 9h, 31m, 14s",True,True,-0.23,93,overcast clouds,12527,126203,1,49,2,6,9.84154,1.65,1.0,0d 1h 7m 30s
2024-11-27 21:31:25,29.4,46.3,54.8,1400.0,406.0,True,True,False,True,True,False,True,#193c37,"6d, 9h, 31m, 24s",True,-0.23,93,overcast clouds,12839,126547,1,49,2,5,9.65208,1.64,1.01,0d 1h 7m 40s
2024-11-27 21:31:35,27.8,45.9,54.2,1400.0,378.0,True,False,True,True,False,True,#565f28,"6d, 9h, 31m, 35s",True,True,-0.23,93,overcast clouds,13146,126887,1,49,2,8,9.4841,1.46,0.99,0d 1h 7m 50s
2024-11-27 21:31:45,29.5,45.7,54.8,1400.0,406.0,True,False,True,True,False,True,#3e4a55,"6d, 9h, 31m, 45s",True,True,-0.23,93,overcast clouds,13452,127225,1,49,2,6,9.31839,1.56,1.03,0d 1h 8m 0s
2024-11-27 21:31:55,30.7,45.8,54.2,1400.0,420.0,True,False,True,True,False,True,#29560e,"6d, 9h, 31m, 55s",True,True,-0.23,93,overcast clouds,13763,127569,1,49,2,16,9.17576,1.54,1.04,0d 1h 8m 10s
2024-11-27 21:32:05,27.6,45.7,54.8,1400.0,378.0,True,False,True,True,False,True,#2a212c,"6d, 9h, 32m, 5s",True,True,-0.23,93,overcast clouds,14062,127900,4,46,2,5,9.02517,1.38,1.03,0d 1h 8m 20s
2024-11-27 21:32:15,19.6,45.8,54.8,1400.0,266.0,True,False,True,True,False,True,#01131d,"6d, 9h, 32m, 15s",True,True,-0.23,93,overcast clouds,14369,128239,1,49,2,7,8.87445,1.94,1.16,0d 1h 8m 30s
2024-11-27 21:32:25,26.2,45.9,54.8,1400.0,364.0,True,False,True,True,False,True,#2e350e,"6d, 9h, 32m, 25s",True,True,-0.23,93,overcast clouds,14672,128574,1,49,2,9,8.73841,1.86,1.17,0d 1h 8m 40s
2024-11-27 21:32:35,28.9,45.8,54.8,1400.0,392.0,True,False,True,True,False,True,#40112b,"6d, 9h, 32m, 35s",True,True,-0.23,93,overcast clouds,14983,128918,1,49,2,8,8.59601,1.65,1.15,0d 1h 8m 50s
2024-11-27 21:32:45,30.6,46.3,54.2,1400.0,420.0,True,False,True,True,False,True,#082738,"6d, 9h, 32m, 44s",True,True,-0.23,93,overcast clouds,15270,129235,1,49,2,5,8.46601,1.47,1.12,0d 1h 9m 0s
2024-11-27 21:32:55,18.3,46.1,54.8,1400.0,252.0,True,False,True,True,False,True,#1f3845,"6d, 9h, 32m, 54s",True,True,-0.23,93,overcast clouds,15597,129597,1,49,2,2,8.32904,1.41,1.12,0d 1h 9m 10s
2024-11-27 21:33:05,20.3,46.4,54.8,1400.0,280.0,True,False,True,True,False,True,#051937,"6d, 9h, 33m, 4s",True,True,-0.23,93,overcast clouds,15872,129901,1,49,2,16,8.22833,1.66,1.18,0d 1h 9m 20s
2024-11-27 21:33:25,22.6,46.2,54.8,1400.0,308.0,True,False,True,True,False,True,#074c34,"6d, 9h, 33m, 25s",True,True,-0.23,93,overcast clouds,16481,130574,1,49,2,5,7.99575,1.48,1.17,0d 1h 9m 40s
2024-11-27 21:33:35,11.8,46.0,54.8,1400.0,154.0,True,False,True,True,False,True,#3e3060,"6d, 9h, 33m, 35s",True,True,-0.23,93,overcast clouds,16786,130911,1,49,2,6,7.88842,1.25,1.13,0d 1h 9m 50s
2024-11-27 21:33:45,9.4,47.0,54.8,1400.0,126.0,True,False,True,True,False,True,#002b4b,"6d, 9h, 33m, 45s",True,True,-0.23,93,overcast clouds,17085,131242,3,47,2,5,7.78952,1.38,1.16,0d 1h 10m 0s
2024-11-27 21:33:55,35.7,47.0,54.8,1400.0,490.0,True,False,True,True,False,True,#246459,"6d, 9h, 33m, 55s",True,True,-0.23,93,overcast clouds,17386,131575,1,49,2,8,7.69717,1.55,1.21,0d 1h 10m 10s
2024-11-27 21:34:15,33.2,47.0,55.8,1400.0,462.0,True,False,True,True,False,True,#2e5c10,"6d, 9h, 34m, 14s",True,True,-0.23,93,overcast clouds,17993,132246,1,49,2,8,7.52537,1.59,1.24,0d 1h 10m 30s
2024-11-27 21:34:25,36.0,46.5,55.3,1400.0,504.0,True,False,True,True,False,True,#5a042a,"6d, 9h, 34m, 24s",True,True,-0.23,93,overcast clouds,18292,132577,1,49,2,6,7.44068,1.42,1.21,0d 1h 10m 40s
2024-11-27 21:34:35,17.5,46.4,55.3,1400.0,238.0,True,False,True,True,False,True,#25562f,"6d, 9h, 34m, 35s",True,True,-0.23,93,overcast clouds,18607,132925,1,49,2,9,7.35583,2.24,1.39,0d 1h 10m 50s
2024-11-27 21:34:45,34.7,46.3,55.8,1400.0,476.0,True,False,True,True,False,True,#164d49,"6d, 9h, 34m, 45s",True,True,-0.23,93,overcast clouds,18907,133257,1,49,2,11,7.27064,1.97,1.36,0d 1h 11m 0s
2024-11-27 21:34:55,24.3,47.1,55.3,1400.0,336.0,True,False,True,True,False,True,#433f4b,"6d, 9h, 34m, 55s",True,True,-0.23,93,overcast clouds,19184,133563,1,49,2,4,7.19339,1.89,1.36,0d 1h 11m 10s
2024-11-27 21:35:05,23.3,46.4,54.8,1400.0,322.0,True,False,True,True,False,True,#0e3a58,"6d, 9h, 35m, 5s",True,True,-0.23,93,overcast clouds,19466,133875,1,49,2,4,7.12113,1.91,1.39,0d 1h 11m 20s
2024-11-27 21:35:15,23.1,46.5,55.3,1400.0,322.0,True,False,True,True,False,True,#3f5810,"6d, 9h, 35m, 15s",True,True,-0.23,93,overcast clouds,19755,134194,1,49,2,3,7.0407,1.69,1.36,0d 1h 11m 30s
2024-11-27 21:35:25,36.2,46.8,54.8,1400.0,504.0,True,False,True,True,False,True,#3e272e,"6d, 9h, 35m, 25s",True,True,-0.23,93,overcast clouds,20056,134527,1,49,2,5,6.96435,1.74,1.38,0d 1h 11m 40s
2024-11-27 21:35:35,24.1,45.7,54.8,1400.0,336.0,True,False,True,True,False,True,#07613c,"6d, 9h, 35m, 35s",True,True,-0.23,93,overcast clouds,20358,134861,1,49,2,4,6.88855,1.85,1.41,0d 1h 11m 50s
2024-11-27 21:35:45,6.0,46.5,54.8,1400.0,84.0,True,False,True,True,False,True,#48084d,"6d, 9h, 35m, 44s",True,True,-0.23,93,overcast clouds,20495,135012,1,49,2,1,6.85582,1.64,1.38,0d 1h 12m 0s
2024-11-27 21:35:55,6.0,46.8,54.2,1400.0,84.0,True,False,True,True,False,True,#52580a,"6d, 9h, 35m, 54s",True,True,-0.23,93,overcast clouds,20496,135013,1,49,2,0,6.85558,1.54,1.37,0d 1h 12m 10s
2024-11-27 21:36:05,11.6,45.7,54.8,1400.0,154.0,True,False,True,True,False,True,#0f4656,"6d, 9h, 36m, 4s",True,True,-0.23,93,overcast clouds,20497,135014,1,49,2,0,6.85534,1.3,1.33,0d 1h 12m 20s
2024-11-27 21:36:15,6.0,45.9,54.2,1400.0,84.0,True,False,True,True,False,True,#032225,"6d, 9h, 36m, 14s",True,True,-0.23,93,overcast clouds,20498,135015,1,49,2,0,6.85511,1.25,1.31,0d 1h 12m 30s
2024-11-27 21:36:25,7.7,47.1,53.7,1400.0,98.0,True,False,True,True,False,True,#550f4d,"6d, 9h, 36m, 25s",True,True,-0.23,93,overcast clouds,20499,135015,1,49,2,0,6.85487,1.13,1.29,0d 1h 12m 40s
2024-11-27 21:36:35,4.0,45.8,53.7,1400.0,56.0,True,False,True,True,False,True,#0c612f,"6d, 9h, 36m, 35s",True,True,-0.23,93,overcast clouds,20500,135016,1,49,2,0,6.85468,0.96,1.24,0d 1h 12m 50s
2024-11-27 21:36:45,6.7,46.0,53.7,1400.0,84.0,True,False,True,True,False,True,#4b1558,"6d, 9h, 36m, 45s",True,True,-0.23,93,overcast clouds,20501,135017,1,49,2,0,6.85445,0.97,1.24,0d 1h 13m 0s
2024-11-27 21:36:55,5.4,45.9,53.7,1400.0,70.0,True,False,True,True,False,True,#43611e,"6d, 9h, 36m, 54s",True,True,-0.23,93,overcast clouds,20502,135018,1,49,2,0,6.85421,0.82,1.19,0d 1h 13m 10s
2024-11-27 21:37:05,7.7,46.0,53.7,1400.0,98.0,True,False,True,True,False,True,#03044f,"6d, 9h, 37m, 4s",True,True,-0.23,93,overcast clouds,20503,135019,1,49,2,0,6.85397,0.69,1.15,0d 1h 13m 20s
2024-11-27 21:37:25,5.8,46.2,53.7,1400.0,70.0,True,False,True,True,False,True,#554f3c,"6d, 9h, 37m, 25s",True,True,-0.23,93,overcast clouds,20505,135021,1,49,2,0,6.8535,0.63,1.11,0d 1h 13m 40s
2024-11-27 21:37:35,6.2,46.0,53.7,1400.0,84.0,True,False,True,True,False,True,#1e170b,"6d, 9h, 37m, 35s",True,True,-0.23,93,overcast clouds,20506,135021,1,49,2,0,6.85326,0.61,1.09,0d 1h 13m 50s
2024-11-27 21:37:45,6.7,46.0,53.7,1400.0,84.0,True,False,True,True,False,True,#234a4e,"6d, 9h, 37m, 45s",True,True,-0.23,93,overcast clouds,20507,135022,1,49,2,0,6.85303,0.59,1.07,0d 1h 14m 0s
2024-11-27 21:37:55,24.2,45.9,54.2,1400.0,336.0,True,False,True,True,False,True,#280a5b,"6d, 9h, 37m, 54s",True,True,-0.23,93,overcast clouds,20575,135097,1,49,2,0,6.83558,0.5,1.03,0d 1h 14m 10s
2024-11-27 21:38:05,28.8,46.4,53.7,1400.0,392.0,True,False,True,True,False,True,#605240,"6d, 9h, 38m, 4s",True,True,-0.23,93,overcast clouds,20875,135429,1,49,2,4,6.76278,0.64,1.05,0d 1h 14m 20s
2024-11-27 21:38:15,29.6,46.0,53.7,1400.0,406.0,True,False,True,True,False,True,#3b091a,"6d, 9h, 38m, 15s",True,True,-0.23,93,overcast clouds,21182,135768,1,49,2,6,6.69413,0.62,1.03,0d 1h 14m 30s
2024-11-27 21:38:25,34.3,46.1,53.7,1400.0,476.0,True,False,True,True,False,True,#511d20,"6d, 9h, 38m, 25s",True,True,-0.23,93,overcast clouds,21492,136111,1,49,2,13,6.6455,0.68,1.03,0d 1h 14m 40s
2024-11-27 21:38:35,21.0,46.1,54.2,1400.0,294.0,True,False,True,True,False,True,#010b1b,"6d, 9h, 38m, 35s",True,True,-0.23,93,overcast clouds,21800,136452,1,49,2,6,6.57844,0.57,0.99,0d 1h 14m 50s
2024-11-27 21:38:45,26.0,46.2,53.7,1400.0,364.0,True,False,True,True,False,True,#165d50,"6d, 9h, 38m, 45s",True,True,-0.23,93,overcast clouds,22100,136783,1,49,2,4,6.51389,0.96,1.06,0d 1h 15m 0s
2024-11-27 21:38:55,33.0,46.2,54.8,1400.0,462.0,True,False,True,True,False,True,#47034f,"6d, 9h, 38m, 55s",True,True,-0.23,93,overcast clouds,22420,137137,1,49,2,6,6.45004,0.98,1.06,0d 1h 15m 10s
2024-11-27 21:39:05,16.8,46.2,53.7,1400.0,224.0,True,False,True,True,False,True,#430038,"6d, 9h, 39m, 5s",True,True,-0.23,93,overcast clouds,22721,137470,1,49,2,2,6.39008,0.9,1.04,0d 1h 15m 20s
2024-11-27 21:39:15,20.2,46.9,54.2,1400.0,280.0,True,False,True,True,False,True,#300e04,"6d, 9h, 39m, 15s",True,True,-0.23,93,overcast clouds,23016,137796,1,49,2,6,6.33842,0.92,1.04,0d 1h 15m 30s
2024-11-27 21:39:25,12.7,46.3,53.7,1400.0,168.0,True,False,True,True,False,True,#4b470a,"6d, 9h, 39m, 25s",True,True,-0.23,93,overcast clouds,23316,138127,2,48,2,5,6.28397,1.08,1.07,0d 1h 15m 40s
2024-11-27 21:39:35,30.0,46.6,54.2,1400.0,420.0,True,False,True,True,False,True,#644b2a,"6d, 9h, 39m, 35s",True,True,-0.23,93,overcast clouds,23633,138478,1,49,2,5,6.2246,1.06,1.07,0d 1h 15m 50s
2024-11-27 21:39:45,22.8,45.7,54.8,1400.0,308.0,True,False,True,True,False,True,#320757,"6d, 9h, 39m, 44s",True,True,-0.23,93,overcast clouds,23926,138802,1,49,2,4,6.17245,1.13,1.08,0d 1h 16m 0s
2024-11-27 21:39:55,28.6,46.3,54.8,1400.0,392.0,True,False,True,True,False,True,#210114,"6d, 9h, 39m, 54s",True,True,-0.23,93,overcast clouds,24228,139135,1,49,2,5,6.12143,0.96,1.05,0d 1h 16m 10s
2024-11-27 21:40:05,28.8,45.9,54.8,1400.0,392.0,True,False,True,True,False,True,#5f131e,"6d, 9h, 40m, 4s",True,True,-0.23,93,overcast clouds,24534,139474,1,49,2,4,6.06815,1.18,1.09,0d 1h 16m 20s
2024-11-27 21:40:15,23.1,45.8,54.8,1400.0,322.0,True,False,True,True,False,True,#12101c,"6d, 9h, 40m, 15s",True,True,-0.23,93,overcast clouds,24842,139814,1,49,2,5,6.01976,1.08,1.07,0d 1h 16m 30s
2024-11-27 21:40:35,31.7,45.8,54.8,1400.0,434.0,True,False,True,True,False,True,#14532a,"6d, 9h, 40m, 35s",True,True,-0.23,93,overcast clouds,25453,140490,1,49,2,7,5.94991,1.25,1.12,0d 1h 16m 50s
2024-11-27 21:40:45,26.8,45.9,54.8,1400.0,364.0,True,False,True,True,False,True,#42030c,"6d, 9h, 40m, 45s",True,True,-0.23,93,overcast clouds,25745,140812,1,49,2,7,5.90635,1.29,1.13,0d 1h 17m 0s
2024-11-27 21:40:55,30.9,45.9,55.3,1400.0,420.0,True,False,True,True,False,True,#234547,"6d, 9h, 40m, 55s",True,True,-0.23,93,overcast clouds,26085,141188,4,46,2,6,5.86502,1.24,1.12,0d 1h 17m 10s
2024-11-27 21:41:05,26.3,46.0,54.8,1400.0,364.0,True,False,True,True,False,True,#3a1202,"6d, 9h, 41m, 5s",True,True,-0.23,93,overcast clouds,26323,141451,2,48,2,9,5.83661,1.05,1.09,0d 1h 17m 20s
2024-11-27 21:41:15,21.6,46.5,54.8,1400.0,294.0,True,False,True,True,False,True,#31183a,"6d, 9h, 41m, 15s",True,True,-0.23,93,overcast clouds,26671,141836,1,49,2,10,5.79483,1.12,1.1,0d 1h 17m 30s
2024-11-27 21:41:25,66.0,46.0,54.8,1400.0,924.0,True,False,True,True,False,True,#2a440d,"6d, 9h, 41m, 25s",True,True,-0.23,93,overcast clouds,27020,142222,1,49,2,10,5.75833,1.25,1.13,0d 1h 17m 40s
2024-11-27 21:41:35,18.5,46.1,54.2,1400.0,252.0,True,False,True,True,False,True,#150802,"6d, 9h, 41m, 34s",True,True,-0.23,93,overcast clouds,27218,142441,1,49,2,7,5.73363,1.05,1.09,0d 1h 17m 50s
2024-11-27 21:41:45,43.5,46.3,54.8,1400.0,602.0,True,False,True,True,False,True,#590c12,"6d, 9h, 41m, 44s",True,True,-0.23,93,overcast clouds,27638,142905,1,49,2,12,5.69386,0.97,1.07,0d 1h 18m 0s
2024-11-27 21:41:55,12.5,46.6,54.2,1400.0,168.0,True,False,True,True,False,True,#161328,"6d, 9h, 41m, 54s",True,True,-0.23,93,overcast clouds,27770,143051,1,49,2,4,5.6767,0.9,1.05,0d 1h 18m 10s
2024-11-27 21:42:05,23.9,46.2,55.3,1400.0,322.0,True,False,True,True,False,True,#0c1253,"6d, 9h, 42m, 4s",True,True,-0.23,93,overcast clouds,28110,143427,2,48,2,7,5.63721,1.48,1.17,0d 1h 18m 20s
2024-11-27 21:42:35,13.7,46.2,54.8,1400.0,182.0,True,False,True,True,False,True,#22245f,"6d, 9h, 42m, 35s",True,True,-0.23,93,overcast clouds,29002,144413,1,49,2,6,5.54227,1.18,1.12,0d 1h 18m 50s
2024-11-27 21:42:45,51.1,46.5,54.8,1400.0,714.0,True,False,True,True,False,True,#244603,"6d, 9h, 42m, 45s",True,True,-0.23,93,overcast clouds,29383,144835,1,49,2,4,5.50168,1.15,1.11,0d 1h 19m 0s
2024-11-27 21:42:55,6.0,46.8,53.7,1400.0,84.0,True,False,True,True,False,True,#59302a,"6d, 9h, 42m, 55s",True,True,-0.23,93,overcast clouds,29561,145031,1,49,2,4,5.48073,1.12,1.11,0d 1h 19m 10s
2024-11-27 21:43:05,23.1,46.4,54.2,1400.0,322.0,True,False,True,True,False,True,#1d1c31,"6d, 9h, 43m, 5s",True,True,-0.23,93,overcast clouds,29953,145465,1,49,2,8,5.44917,1.17,1.12,0d 1h 19m 20s
2024-11-27 21:43:15,6.9,46.4,54.2,1400.0,84.0,True,False,True,True,False,True,#34580e,"6d, 9h, 43m, 15s",True,True,-0.23,93,overcast clouds,30166,145700,1,49,2,4,5.42727,1.07,1.1,0d 1h 19m 30s
2024-11-27 21:43:25,39.4,46.4,54.2,1400.0,546.0,True,False,True,True,False,True,#4d2c57,"6d, 9h, 43m, 25s",True,True,-0.23,93,overcast clouds,30555,146131,1,49,2,9,5.3948,1.35,1.16,0d 1h 19m 40s
2024-11-27 21:43:35,14.8,46.5,54.2,1400.0,196.0,True,False,True,True,False,True,#0b1657,"6d, 9h, 43m, 34s",True,True,-0.23,93,overcast clouds,30761,146358,1,49,2,4,5.37235,1.47,1.19,0d 1h 19m 50s
2024-11-27 21:43:45,4.5,45.6,54.8,1400.0,56.0,True,False,True,True,False,True,#280b4f,"6d, 9h, 43m, 44s",True,True,-0.23,93,overcast clouds,31157,146796,1,49,2,13,5.34313,1.32,1.17,0d 1h 20m 0s
2024-11-27 21:43:55,23.4,46.9,54.8,1400.0,322.0,True,False,True,True,False,True,#21262f,"6d, 9h, 43m, 54s",True,True,-0.23,93,overcast clouds,31363,147024,1,49,2,5,5.32102,1.12,1.13,0d 1h 20m 10s
2024-11-27 21:44:05,71.8,46.9,55.3,1400.0,994.0,True,False,True,True,False,True,#0d595f,"6d, 9h, 44m, 4s",True,True,-0.23,93,overcast clouds,31803,147511,1,49,2,9,5.29579,1.1,1.13,0d 1h 20m 20s
2024-11-27 21:44:35,19.5,46.5,54.2,1400.0,266.0,True,False,True,True,False,True,#063e54,"6d, 9h, 44m, 35s",True,True,-0.23,93,overcast clouds,32560,148348,7,43,2,5,5.22672,1.9,1.32,0d 1h 20m 50s
2024-11-27 21:44:45,19.8,45.9,54.2,1400.0,266.0,True,False,True,True,False,True,#5a4741,"6d, 9h, 44m, 45s",True,True,-0.23,93,overcast clouds,32860,148679,1,49,2,7,5.20219,1.97,1.36,0d 1h 21m 0s
2024-11-27 21:44:55,19.3,46.5,53.7,1400.0,266.0,True,False,True,True,False,True,#610e16,"6d, 9h, 44m, 55s",True,True,-0.23,93,overcast clouds,33141,148990,2,48,2,6,5.1824,1.91,1.36,0d 1h 21m 10s
2024-11-27 21:45:05,26.3,46.1,54.8,1400.0,364.0,True,False,True,True,False,True,#015b22,"6d, 9h, 45m, 5s",True,True,-0.23,93,overcast clouds,33541,149432,1,49,2,8,5.15089,1.78,1.35,0d 1h 21m 20s
2024-11-27 21:45:15,46.6,46.5,54.8,1400.0,644.0,True,False,True,True,False,True,#24634f,"6d, 9h, 45m, 14s",True,True,-0.23,93,overcast clouds,33811,149731,1,49,2,9,5.13274,1.5,1.31,0d 1h 21m 30s
2024-11-27 21:45:25,20.8,46.1,54.8,1400.0,280.0,True,False,True,True,False,True,#220e48,"6d, 9h, 45m, 24s",True,True,-0.23,93,overcast clouds,34093,150043,1,49,2,8,5.10715,1.43,1.3,0d 1h 21m 40s
2024-11-27 21:45:45,22.2,47.0,54.8,1400.0,308.0,True,False,True,True,False,True,#2e3541,"6d, 9h, 45m, 45s",True,True,-0.23,93,overcast clouds,34650,150658,1,49,2,7,5.05986,1.66,1.36,0d 1h 22m 0s
2024-11-27 21:45:55,19.6,46.2,53.7,1400.0,266.0,True,False,True,True,False,True,#3f2e0b,"6d, 9h, 45m, 55s",True,True,-0.23,93,overcast clouds,34902,150937,1,49,2,7,5.03968,2.04,1.45,0d 1h 22m 10s
2024-11-27 21:46:05,6.1,46.8,54.2,1400.0,84.0,True,False,True,True,False,True,#1c2b56,"6d, 9h, 46m, 5s",True,True,-0.23,93,overcast clouds,34967,151009,1,49,2,0,5.03449,1.81,1.41,0d 1h 22m 20s
2024-11-27 21:46:15,4.3,46.0,53.7,1400.0,56.0,True,False,True,True,False,True,#0c0546,"6d, 9h, 46m, 15s",True,True,-0.23,93,overcast clouds,34968,151010,1,49,2,0,5.03437,1.53,1.37,0d 1h 22m 30s
2024-11-27 21:46:25,6.5,46.8,53.7,1400.0,84.0,True,False,True,True,False,True,#133226,"6d, 9h, 46m, 24s",True,True,-0.23,93,overcast clouds,34969,151010,1,49,2,0,5.03429,1.29,1.32,0d 1h 22m 40s
2024-11-27 21:46:35,6.5,46.3,53.7,1400.0,84.0,True,False,True,True,False,True,#1f2055,"6d, 9h, 46m, 35s",True,True,-0.23,93,overcast clouds,34970,151011,1,49,2,0,5.0342,1.39,1.34,0d 1h 22m 50s
2024-11-27 21:46:45,5.6,46.5,53.7,1400.0,70.0,True,False,True,True,False,True,#163a45,"6d, 9h, 46m, 45s",True,True,-0.23,93,overcast clouds,34971,151012,1,49,2,0,5.03414,1.18,1.3,0d 1h 23m 0s
2024-11-27 21:46:55,6.0,46.2,53.7,1400.0,84.0,True,False,True,True,False,True,#4b5721,"6d, 9h, 46m, 55s",True,True,-0.23,93,overcast clouds,34972,151013,1,49,2,0,5.03406,0.99,1.26,0d 1h 23m 10s
2024-11-27 21:47:05,7.0,46.4,53.7,1400.0,98.0,True,False,True,True,False,True,#423f1a,"6d, 9h, 47m, 5s",True,True,-0.23,93,overcast clouds,34973,151014,1,49,2,0,5.034,0.84,1.21,0d 1h 23m 20s
2024-11-27 21:47:15,5.2,46.2,53.7,1400.0,70.0,True,False,True,True,False,True,#54234c,"6d, 9h, 47m, 15s",True,True,-0.23,93,overcast clouds,34974,151015,1,49,2,0,5.03391,0.71,1.17,0d 1h 23m 30s
2024-11-27 21:47:25,6.2,46.8,53.7,1400.0,84.0,True,False,True,True,False,True,#563a1f,"6d, 9h, 47m, 24s",True,True,-0.23,93,overcast clouds,34975,151016,1,49,2,0,5.03382,0.83,1.18,0d 1h 23m 40s
2024-11-27 21:47:35,8.3,47.1,53.7,1400.0,112.0,True,False,True,True,False,True,#260352,"6d, 9h, 47m, 34s",True,True,-0.23,93,overcast clouds,34976,151016,1,49,2,0,5.03374,0.84,1.18,0d 1h 23m 50s
2024-11-27 21:47:45,11.7,46.9,53.7,1400.0,154.0,True,False,True,True,False,True,#48373d,"6d, 9h, 47m, 45s",True,True,-0.23,93,overcast clouds,34977,151017,1,49,2,0,5.03365,0.86,1.17,0d 1h 24m 0s
2024-11-27 21:47:55,3.0,47.1,53.7,1400.0,42.0,True,False,True,True,False,True,#574914,"6d, 9h, 47m, 55s",True,True,-0.23,93,overcast clouds,34978,151018,1,49,2,0,5.03356,0.8,1.15,0d 1h 24m 10s
2024-11-27 21:48:05,3.2,45.9,53.7,1400.0,42.0,True,False,True,True,False,True,#2e0e1e,"6d, 9h, 48m, 4s",True,True,-0.23,93,overcast clouds,34979,151019,1,49,2,0,5.03348,0.84,1.15,0d 1h 24m 20s
2024-11-27 21:48:35,33.3,49.2,53.7,1400.0,462.0,True,False,True,True,False,True,#224d38,"6d, 9h, 48m, 35s",True,True,-0.23,93,overcast clouds,34982,151022,1,49,2,0,5.03325,1.27,1.21,0d 1h 24m 50s
2024-11-27 21:48:45,22.5,47.9,54.8,1400.0,308.0,True,False,True,True,False,True,#313b47,"6d, 9h, 48m, 45s",True,True,-0.23,93,overcast clouds,34983,151022,1,49,2,0,5.03316,1.67,1.31,0d 1h 25m 0s
2024-11-27 21:48:55,20.0,46.0,54.8,1400.0,280.0,True,False,True,True,False,True,#0f3039,"6d, 9h, 48m, 55s",True,True,-0.23,93,overcast clouds,34984,151023,1,49,2,0,5.03307,1.87,1.36,0d 1h 25m 10s
2024-11-27 21:49:05,3.7,45.4,53.7,1400.0,42.0,True,False,True,True,False,True,#040e41,"6d, 9h, 49m, 4s",True,True,-0.23,93,overcast clouds,34985,151024,1,49,2,0,5.03304,2.19,1.45,0d 1h 25m 20s
2024-11-27 21:49:25,18.2,45.2,53.7,1400.0,252.0,True,False,True,True,False,True,#594b34,"6d, 9h, 49m, 25s",True,True,-0.23,93,overcast clouds,34987,151026,1,49,2,0,5.03287,1.76,1.4,0d 1h 25m 40s
2024-11-27 21:49:35,1.3,45.1,53.7,1400.0,14.0,True,False,True,True,False,True,#062a01,"6d, 9h, 49m, 35s",True,True,-0.23,93,overcast clouds,34988,151027,1,49,2,0,5.03278,1.49,1.36,0d 1h 25m 50s
2024-11-27 21:49:45,8.2,45.1,53.7,1400.0,112.0,True,False,True,True,False,True,#204139,"6d, 9h, 49m, 45s",True,True,-0.23,93,overcast clouds,34989,151028,1,49,2,0,5.0327,1.34,1.33,0d 1h 26m 0s
2024-11-27 21:49:55,6.3,45.2,53.7,1400.0,84.0,True,False,True,True,False,True,#3c6035,"6d, 9h, 49m, 55s",True,True,-0.23,93,overcast clouds,34990,151028,1,49,2,0,5.03261,1.29,1.32,0d 1h 26m 10s
2024-11-27 21:50:05,3.0,45.0,53.7,1400.0,42.0,True,False,True,True,False,True,#552741,"6d, 9h, 50m, 4s",True,True,-0.23,93,overcast clouds,34991,151029,1,49,2,0,5.03252,1.24,1.31,0d 1h 26m 20s
2024-11-27 21:50:15,2.3,45.5,53.7,1400.0,28.0,True,False,True,True,False,True,#3b223a,"6d, 9h, 50m, 14s",True,True,-0.23,93,overcast clouds,34992,151030,1,49,2,0,5.03244,1.21,1.3,0d 1h 26m 30s
2024-11-27 21:50:25,2.3,45.0,53.7,1400.0,28.0,True,False,True,True,False,True,#4b002a,"6d, 9h, 50m, 25s",True,True,-0.23,93,overcast clouds,34993,151031,1,49,2,0,5.03235,1.1,1.27,0d 1h 26m 40s
2024-11-27 21:50:35,1.8,44.8,53.7,1400.0,14.0,True,False,True,True,False,True,#43560e,"6d, 9h, 50m, 35s",True,True,-0.23,93,overcast clouds,34994,151032,1,49,2,0,5.03226,1.17,1.28,0d 1h 26m 50s
2024-11-27 21:50:45,0.8,45.0,53.7,1400.0,0.0,True,False,True,True,False,True,#533e2f,"6d, 9h, 50m, 44s",True,True,-0.23,93,overcast clouds,34995,151033,1,49,2,0,5.03218,0.99,1.23,0d 1h 27m 0s
2024-11-27 21:50:55,1.8,44.7,53.2,1400.0,14.0,True,False,True,True,False,True,#054e4c,"6d, 9h, 50m, 54s",True,True,-0.23,93,overcast clouds,34996,151034,1,49,2,0,5.03209,0.84,1.19,0d 1h 27m 10s
2024-11-27 21:51:15,2.0,45.2,52.6,1400.0,28.0,True,False,True,True,False,True,#040730,"6d, 9h, 51m, 15s",True,True,-0.23,93,overcast clouds,34998,151035,1,49,2,0,5.03197,0.74,1.15,0d 1h 27m 30s
2024-11-27 21:51:25,8.3,44.6,53.7,1400.0,112.0,True,False,True,True,False,True,#004054,"6d, 9h, 51m, 25s",True,True,-0.23,93,overcast clouds,34999,151036,1,49,2,0,5.03189,0.87,1.16,0d 1h 27m 40s
2024-11-27 21:51:35,1.3,45.2,53.7,1400.0,14.0,True,False,True,True,False,True,#4f481b,"6d, 9h, 51m, 35s",True,True,-0.23,93,overcast clouds,35000,151037,1,49,2,0,5.0318,0.89,1.15,0d 1h 27m 50s
2024-11-27 21:51:45,8.7,44.6,53.2,1400.0,112.0,True,False,True,True,False,True,#3f3c44,"6d, 9h, 51m, 44s",True,True,-0.23,93,overcast clouds,35001,151038,1,49,2,0,5.03171,0.75,1.11,0d 1h 28m 0s
2024-11-27 21:51:55,4.3,44.6,52.6,1400.0,56.0,True,False,True,True,False,True,#58333b,"6d, 9h, 51m, 54s",True,True,-0.23,93,overcast clouds,35002,151039,1,49,2,0,5.03163,0.71,1.09,0d 1h 28m 10s
2024-11-27 21:52:05,1.8,44.7,53.2,1400.0,14.0,True,False,True,True,False,True,#140a64,"6d, 9h, 52m, 4s",True,True,-0.23,93,overcast clouds,35003,151040,1,49,2,0,5.03154,0.6,1.06,0d 1h 28m 20s
2024-11-27 21:52:25,9.1,44.6,53.7,1400.0,126.0,True,False,True,True,False,True,#151419,"6d, 9h, 52m, 24s",True,True,-0.23,93,overcast clouds,35005,151041,1,49,2,0,5.03137,0.72,1.05,0d 1h 28m 40s
2024-11-27 21:52:37,93.1,44.6,53.7,1400.0,1302.0,True,False,True,True,False,True,#461946,"6d, 9h, 52m, 37s",True,True,-0.23,93,overcast clouds,35006,151042,1,49,2,0,5.03128,2.58,1.43,0d 1h 28m 52s
2024-11-27 21:52:45,1.3,43.1,53.7,1400.0,14.0,True,False,True,True,False,True,#1e410e,"6d, 9h, 52m, 44s",True,True,-0.23,93,overcast clouds,35007,151043,1,49,2,0,5.03119,2.38,1.41,0d 1h 29m 0s
2024-11-27 21:52:55,2.0,43.3,53.7,1400.0,28.0,True,False,True,True,False,True,#5e3750,"6d, 9h, 52m, 54s",True,True,-0.23,93,overcast clouds,35008,151044,1,49,2,0,5.03111,2.01,1.36,0d 1h 29m 10s
2024-11-27 21:53:05,1.5,43.1,53.7,1400.0,14.0,True,False,True,True,False,True,#30201e,"6d, 9h, 53m, 5s",True,True,-0.23,93,overcast clouds,35009,151045,1,49,2,0,5.03102,1.7,1.32,0d 1h 29m 20s
2024-11-27 21:53:15,2.0,43.2,53.2,1400.0,28.0,True,False,True,True,False,True,#3f0559,"6d, 9h, 53m, 15s",True,True,-0.23,93,overcast clouds,35010,151046,1,49,2,0,5.03093,1.44,1.27,0d 1h 29m 30s
2024-11-27 21:53:25,1.5,43.1,52.6,1400.0,14.0,True,False,True,True,False,True,#645c0b,"6d, 9h, 53m, 24s",True,True,-0.23,93,overcast clouds,35011,151046,1,49,2,0,5.03085,1.22,1.23,0d 1h 29m 40s
2024-11-27 21:53:35,2.0,42.8,53.2,1400.0,28.0,True,False,True,True,False,True,#40582b,"6d, 9h, 53m, 34s",True,True,-0.23,93,overcast clouds,35012,151047,1,49,2,0,5.03076,1.03,1.19,0d 1h 29m 50s
2024-11-27 21:53:45,5.2,43.3,53.2,1400.0,70.0,True,False,True,True,False,True,#10463e,True,"6d, 9h, 53m, 45s",True,-0.23,93,overcast clouds,35013,151048,1,49,2,0,5.03067,0.95,1.17,0d 1h 30m 0s
2024-11-27 21:53:55,2.0,43.3,52.6,1400.0,28.0,True,False,True,True,False,True,#2b0125,"6d, 9h, 53m, 55s",True,True,-0.23,93,overcast clouds,35014,151049,1,49,2,0,5.03062,0.8,1.13,0d 1h 30m 10s
2024-11-27 21:54:05,2.5,43.3,52.6,1400.0,28.0,True,False,True,True,False,True,#52304f,"6d, 9h, 54m, 5s",True,True,-0.23,93,overcast clouds,35015,151050,1,49,2,0,5.03053,0.68,1.09,0d 1h 30m 20s
2024-11-27 21:54:15,1.3,42.6,53.2,1400.0,14.0,True,False,True,True,False,True,#264314,"6d, 9h, 54m, 15s",True,True,-0.23,93,overcast clouds,35016,151051,1,49,2,0,5.03044,0.65,1.07,0d 1h 30m 30s
2024-11-27 21:54:25,8.2,43.3,53.7,1400.0,112.0,True,False,True,True,False,True,#5e2c3b,"6d, 9h, 54m, 24s",True,True,-0.23,93,overcast clouds,35130,151177,1,49,2,2,5.01893,0.7,1.07,0d 1h 30m 40s
2024-11-27 21:54:55,15.4,43.5,53.7,1400.0,210.0,True,False,True,True,False,True,#5d4d1b,"6d, 9h, 54m, 55s",True,True,-0.23,93,overcast clouds,36023,152164,1,49,2,5,4.94193,0.61,1.01,0d 1h 31m 10s
2024-11-27 21:55:15,7.3,44.0,53.2,1400.0,98.0,True,False,True,True,False,True,#2b5f5f,"6d, 9h, 55m, 15s",True,True,-0.23,93,overcast clouds,36614,152817,1,49,2,5,4.88922,0.71,1.01,0d 1h 31m 30s
2024-11-27 21:55:25,14.0,43.6,53.2,1400.0,196.0,True,False,True,True,False,True,#3a1a2d,"6d, 9h, 55m, 25s",True,True,-0.23,93,overcast clouds,36902,153135,1,49,2,6,4.86502,0.6,0.98,0d 1h 31m 40s
2024-11-27 21:55:35,2.8,43.2,53.7,1400.0,28.0,True,False,True,True,False,True,#4f340a,"6d, 9h, 55m, 35s",True,True,-0.23,93,overcast clouds,37182,153445,2,48,2,7,4.84269,0.51,0.94,0d 1h 31m 50s
2024-11-27 21:55:45,8.2,43.6,53.2,1400.0,112.0,True,False,True,True,False,True,#5d2a64,"6d, 9h, 55m, 44s",True,True,-0.23,93,overcast clouds,37485,153780,1,49,2,3,4.8183,0.43,0.91,0d 1h 32m 0s
2024-11-27 21:55:55,6.9,43.3,53.2,1400.0,84.0,True,False,True,True,False,True,#480106,"6d, 9h, 55m, 54s",True,True,-0.23,93,overcast clouds,37770,154207,1,49,2,6,4.79981,0.68,0.95,0d 1h 32m 10s
2024-11-27 21:56:05,10.0,43.3,52.6,1400.0,140.0,True,False,True,True,False,True,#463e12,"6d, 9h, 56m, 4s",True,True,-0.23,93,overcast clouds,38067,154535,1,49,2,4,4.7749,0.65,0.93,0d 1h 32m 20s
2024-11-27 21:56:15,25.8,43.2,53.2,1400.0,350.0,True,False,True,True,False,True,#41403b,"6d, 9h, 56m, 15s",True,True,-0.23,93,overcast clouds,38372,154873,1,49,2,6,4.75149,0.63,0.92,0d 1h 32m 30s
2024-11-27 21:56:25,16.5,43.9,53.7,1400.0,224.0,True,False,True,True,False,True,#2b2846,"6d, 9h, 56m, 25s",True,True,-0.23,93,overcast clouds,38632,155160,1,49,2,5,4.73294,0.69,0.92,0d 1h 32m 40s
2024-11-27 21:56:35,6.7,43.8,53.2,1400.0,84.0,True,False,True,True,False,True,#312717,"6d, 9h, 56m, 35s",True,True,-0.23,93,overcast clouds,38906,155463,1,49,2,4,4.71202,0.58,0.89,0d 1h 32m 50s
2024-11-27 21:56:45,10.2,43.6,53.2,1400.0,140.0,True,False,True,True,False,True,#112b48,"6d, 9h, 56m, 45s",True,True,-0.23,93,overcast clouds,39169,155753,1,49,2,6,4.69443,0.49,0.86,0d 1h 33m 0s
2024-11-27 21:56:55,12.8,43.8,53.2,1400.0,168.0,True,False,True,True,False,True,#4c3b52,"6d, 9h, 56m, 54s",True,True,-0.23,93,overcast clouds,39522,156144,1,49,2,8,4.67016,0.65,0.88,0d 1h 33m 10s
2024-11-27 21:57:05,2.5,43.5,52.6,1400.0,28.0,True,False,True,True,False,True,#271501,"6d, 9h, 57m, 4s",True,True,-0.23,93,overcast clouds,39863,156521,1,49,2,18,4.65682,1.07,0.97,0d 1h 33m 20s
2024-11-27 21:57:15,37.1,44.8,53.7,1400.0,518.0,True,False,True,True,False,True,#333e03,"6d, 9h, 57m, 14s",True,True,-0.23,93,overcast clouds,40102,156785,1,49,2,13,4.64398,0.9,0.94,0d 1h 33m 30s
2024-11-27 21:57:25,26.0,43.5,53.2,1400.0,364.0,True,False,True,True,False,True,#581b5f,"6d, 9h, 57m, 24s",True,True,-0.23,93,overcast clouds,40355,157065,1,49,2,15,4.63288,0.77,0.9,0d 1h 33m 40s
2024-11-27 21:57:45,22.9,43.5,53.2,1400.0,308.0,True,False,True,True,False,True,#014d36,"6d, 9h, 57m, 45s",True,True,-0.23,93,overcast clouds,40942,157714,1,49,2,6,4.59951,0.99,0.94,0d 1h 34m 0s
2024-11-27 21:57:55,4.5,43.4,52.6,1400.0,56.0,True,False,True,True,False,True,#324460,"6d, 9h, 57m, 55s",True,True,-0.23,93,overcast clouds,40960,157733,1,49,2,0,4.59834,0.84,0.91,0d 1h 34m 10s
2024-11-27 21:58:05,6.6,43.9,52.6,1400.0,84.0,True,False,True,True,False,True,#171624,"6d, 9h, 58m, 5s",True,True,-0.23,93,overcast clouds,40961,157734,1,49,2,0,4.59828,0.71,0.88,0d 1h 34m 20s
2024-11-27 21:58:15,2.8,44.2,52.6,1400.0,28.0,True,False,True,True,False,True,#12221b,"6d, 9h, 58m, 14s",True,True,-0.23,93,overcast clouds,40962,157735,1,49,2,0,4.59821,0.68,0.87,0d 1h 34m 30s
2024-11-27 21:58:25,17.5,43.5,53.2,1400.0,238.0,True,False,True,True,False,True,#195229,"6d, 9h, 58m, 24s",True,True,-0.23,93,overcast clouds,41085,157871,1,49,2,1,4.58934,0.57,0.84,0d 1h 34m 40s
2024-11-27 21:58:45,11.7,42.9,52.6,1400.0,154.0,True,False,True,True,False,True,#084e4b,"6d, 9h, 58m, 45s",True,True,-0.23,93,overcast clouds,41677,158526,1,49,2,5,4.55328,0.71,0.85,0d 1h 35m 0s
2024-11-27 21:58:55,9.3,42.8,52.6,1400.0,126.0,True,False,True,True,False,True,#46101e,"6d, 9h, 58m, 55s",True,True,-0.23,93,overcast clouds,41958,158837,1,49,2,4,4.53532,0.74,0.85,0d 1h 35m 10s
2024-11-27 21:59:05,15.9,43.0,52.6,1400.0,210.0,True,False,True,True,False,True,#212f39,"6d, 9h, 59m, 5s",True,True,-0.23,93,overcast clouds,42241,159150,1,49,2,8,4.51713,0.71,0.84,0d 1h 35m 20s
2024-11-27 21:59:15,18.6,43.3,53.2,1400.0,252.0,True,False,True,True,False,True,#3b2a32,"6d, 9h, 59m, 15s",True,True,-0.23,93,overcast clouds,42528,159467,1,49,2,3,4.49814,0.92,0.88,0d 1h 35m 30s
2024-11-27 21:59:25,18.9,42.9,53.2,1400.0,252.0,True,False,True,True,False,True,#5e3408,"6d, 9h, 59m, 24s",True,True,-0.23,93,overcast clouds,42808,159777,1,49,2,8,4.48341,0.78,0.85,0d 1h 35m 40s
2024-11-27 21:59:35,13.4,43.0,52.6,1400.0,182.0,True,False,True,True,False,True,#184517,"6d, 9h, 59m, 34s",True,True,-0.23,93,overcast clouds,43082,160080,1,49,2,8,4.46846,0.81,0.86,0d 1h 35m 50s
2024-11-27 21:59:45,26.3,43.3,53.2,1400.0,364.0,True,False,True,True,False,True,#024b48,"6d, 9h, 59m, 44s",True,True,-0.23,93,overcast clouds,43404,160437,1,49,2,28,4.4692,0.68,0.83,0d 1h 36m 0s
2024-11-27 21:59:55,18.3,43.8,53.2,1400.0,252.0,True,False,True,True,False,True,#17244d,"6d, 9h, 59m, 54s",True,True,-0.23,93,overcast clouds,43658,160718,1,49,2,9,4.45572,0.65,0.82,0d 1h 36m 10s
2024-11-27 22:00:15,20.8,43.2,52.6,1400.0,280.0,True,False,True,True,False,True,#0f3f03,"6d, 10h, 0m, 15s",True,True,-0.23,93,overcast clouds,44245,161367,1,49,2,5,4.42423,0.6,0.8,0d 1h 36m 30s
2024-11-27 22:00:25,17.7,43.3,53.2,1400.0,238.0,True,False,True,True,False,True,#004642,"6d, 10h, 0m, 25s",True,True,-0.23,93,overcast clouds,44525,161677,1,49,2,5,4.40802,0.83,0.84,0d 1h 36m 40s
2024-11-27 22:00:35,21.4,43.3,53.2,1400.0,294.0,True,False,True,True,False,True,#604d1e,"6d, 10h, 0m, 35s",True,True,-0.23,93,overcast clouds,44810,161993,1,49,2,4,4.39159,0.7,0.81,0d 1h 36m 50s
2024-11-27 22:00:45,29.2,43.3,52.6,1400.0,406.0,True,False,True,True,False,True,#284b2c,"6d, 10h, 0m, 44s",True,True,-0.23,93,overcast clouds,45170,162391,1,49,2,9,4.37361,0.59,0.78,0d 1h 37m 0s
2024-11-27 22:00:55,20.4,43.5,52.6,1400.0,280.0,True,False,True,True,False,True,#0f2053,"6d, 10h, 0m, 54s",True,True,-0.23,93,overcast clouds,45384,162628,1,49,2,8,4.36418,0.5,0.75,0d 1h 37m 10s
2024-11-27 22:01:05,6.8,43.2,52.6,1400.0,84.0,True,False,True,True,False,True,#413327,"6d, 10h, 1m, 4s",True,True,-0.23,93,overcast clouds,45605,162873,1,49,2,9,4.35483,0.58,0.76,0d 1h 37m 20s
2024-11-27 22:01:15,17.5,43.5,53.2,1400.0,238.0,True,False,True,True,False,True,#3a3f42,"6d, 10h, 1m, 14s",True,True,-0.23,93,overcast clouds,45964,163270,1,49,2,9,4.33983,0.72,0.79,0d 1h 37m 30s
2024-11-27 22:01:25,17.9,43.3,53.7,1400.0,238.0,True,False,True,True,False,True,#0f3017,"6d, 10h, 1m, 25s",True,True,-0.23,93,overcast clouds,46255,163593,1,49,2,6,4.32734,0.61,0.76,0d 1h 37m 40s
2024-11-27 22:01:35,11.1,43.4,53.2,1400.0,154.0,True,False,True,True,False,True,#423601,"6d, 10h, 1m, 35s",True,True,-0.23,93,overcast clouds,46499,163863,1,49,2,6,4.3162,0.91,0.82,0d 1h 37m 50s
2024-11-27 22:01:45,17.8,44.0,53.7,1400.0,238.0,True,False,True,True,False,True,#595c24,"6d, 10h, 1m, 45s",True,True,-0.23,93,overcast clouds,46813,164211,1,49,2,8,4.3015,0.93,0.83,0d 1h 38m 0s
2024-11-27 22:01:55,14.3,43.8,52.6,1400.0,196.0,True,False,True,True,False,True,#466224,"6d, 10h, 1m, 55s",True,True,-0.23,93,overcast clouds,47090,164517,1,49,2,14,4.28864,0.78,0.8,0d 1h 38m 10s
